emp_no,first_name,last_name,title,dept_name
10095,Hilari,Morton,Senior Staff,Sales
10122,Ohad,Esposito,Technique Leader,Development
10291,Dipayan,Seghrouchni,Staff,Sales
10476,Kokou,Iisaka,Staff,Research
10663,Teunis,Noriega,Technique Leader,Production
10663,Teunis,Noriega,Technique Leader,Development
10762,Lech,Himler,Staff,Research
10933,Juyoung,Seghrouchni,Senior Engineer,Production
12155,Keiichiro,Glinert,Engineer,Production
12408,Rasiah,Sudkamp,Senior Engineer,Development
12643,Morrie,Schurmann,Staff,Finance
13499,Kazuhiko,Sidou,Technique Leader,Production
14075,Denny,Tchuente,Assistant Engineer,Development
14104,Sudhanshu,Demian,Senior Staff,Human Resources
14127,Magdalena,Cannard,Senior Engineer,Production
14158,Caolyn,Setiz,Senior Staff,Sales
14476,Sastry,Marrevee,Engineer,Production
14907,Nakhoon,Luga,Senior Staff,Sales
15050,Nikolaos,Kruskal,Engineer,Production
15058,Bouchung,Bugrara,Senior Staff,Finance
15413,Arvin,Rabejac,Engineer,Development
16461,Remmert,Schahn,Senior Staff,Sales
16528,Gaurav,Swick,Engineer,Production
17013,Morris,Garigliano,Senior Staff,Finance
17206,Berry,DeMori,Engineer,Production
17369,Yaghout,Kenevan,Engineer,Production
17369,Yaghout,Kenevan,Engineer,Development
17447,Zengping,Boreale,Staff,Sales
17731,Gennady,Roison,Assistant Engineer,Development
17970,Filipp,Carrere,Technique Leader,Production
17988,Mabhin,Calkin,Engineer,Production
18021,Adil,Matzke,Engineer,Development
18424,Filipp,Rousseau,Engineer,Development
18583,Stafford,Honglei,Staff,Customer Service
18617,Surveyors,Crouzet,Senior Staff,Human Resources
18810,Taiji,Jarecki,Engineer,Development
19236,Elzbieta,Morris,Engineer,Production
19350,Satoru,Yoshizawa,Senior Staff,Customer Service
19803,Ziva,Kowalchuk,Engineer,Development
20100,Utz,Heuter,Senior Staff,Marketing
20128,Kazunori,Peak,Senior Staff,Customer Service
20129,Rafael,Skafidas,Engineer,Production
20248,Vidar,Demri,Staff,Customer Service
20313,Candida,Benveniste,Engineer,Production
20500,Christoph,Trystram,Senior Staff,Customer Service
20885,Otmar,Rothenberg,Senior Engineer,Production
21181,Jianhui,Cangellaris,Assistant Engineer,Production
21188,Piyush,Danecki,Engineer,Development
21546,Yongmin,Lanteri,Senior Staff,Marketing
21546,Yongmin,Lanteri,Senior Staff,Sales
21843,Karsten,Azadmanesh,Senior Engineer,Development
21909,Mohammed,Brizzi,Staff,Sales
22185,Huai,Birch,Engineer,Production
22185,Huai,Birch,Engineer,Development
22415,Perla,Jumpertz,Senior Staff,Sales
22451,Jasminko,Bresenham,Senior Staff,Development
22451,Jasminko,Bresenham,Senior Staff,Research
22455,Barry,Unno,Senior Staff,Marketing
22926,Manibrata,Genther,Senior Engineer,Production
23396,Hilari,Fairtlough,Technique Leader,Production
24080,Jaana,Perez,Technique Leader,Development
24205,Roddy,Rubsam,Senior Engineer,Development
24377,Lubomir,Wroclawski,Engineer,Quality Management
24394,Zhonghui,Conta,Staff,Sales
24553,Anwar,Passafiume,Staff,Sales
24571,Cordelia,Gischer,Engineer,Production
25488,Ingmar,Basawa,Senior Staff,Research
26629,Nevin,Rodham,Senior Staff,Research
26671,Jiakeng,Kalorkoti,Senior Engineer,Development
26788,Zongyan,Dalphin,Engineer,Development
27331,Wanqing,Krohm,Senior Staff,Customer Service
27378,Piyawadee,Leppanen,Senior Staff,Finance
27620,Shuji,Kandlur,Senior Engineer,Production
27686,Manu,Rosiles,Senior Staff,Sales
27699,Falguni,Pezzoli,Engineer,Production
27767,Tooru,Veldwijk,Senior Staff,Customer Service
28193,Xinglin,Mitsuhashi,Engineer,Development
28974,Chenxi,Sundgren,Senior Engineer,Development
28988,Tua,Giveon,Technique Leader,Production
29130,Xumin,Thorensen,Staff,Marketing
29265,Gilbert,Calkin,Senior Staff,Customer Service
29380,Satoru,Vidal,Assistant Engineer,Production
29418,Valery,Mersereau,Assistant Engineer,Production
29679,Kolar,Steenbeek,Senior Engineer,Development
29782,Jouko,Hellwagner,Senior Engineer,Production
29782,Jouko,Hellwagner,Senior Engineer,Quality Management
29954,Pranay,Giarratana,Senior Engineer,Production
30007,Kousuke,Vecchio,Senior Engineer,Production
30035,Tetsushi,Conta,Senior Staff,Research
30154,Mayuko,Skafidas,Technique Leader,Development
30182,Leon,Potthoff,Senior Engineer,Development
30465,Randi,Avouris,Senior Engineer,Development
30484,Sailaja,Chvatal,Staff,Sales
30695,Gudjon,Majewski,Senior Engineer,Development
30938,Yakkov,Samarati,Senior Staff,Marketing
30938,Yakkov,Samarati,Senior Staff,Sales
31147,Divine,Sidhu,Senior Staff,Finance
31188,Leandro,Gist,Technique Leader,Production
31207,Abdelwaheb,Dulin,Senior Engineer,Production
31341,Oksana,Zultner,Staff,Finance
31514,Harngdar,Schapire,Senior Engineer,Development
31568,Mark,Lalonde,Staff,Marketing
31909,Murthy,Peek,Engineer,Production
31909,Murthy,Peek,Engineer,Development
32347,Terresa,Peres,Senior Staff,Marketing
32552,Atreye,Stanger,Assistant Engineer,Development
32649,Ingmar,Nannarelli,Senior Staff,Research
32714,Radoslaw,Maliniak,Staff,Marketing
32714,Radoslaw,Maliniak,Staff,Sales
32844,Tadahiko,Melton,Engineer,Development
33025,Jessie,Thorelli,Senior Staff,Customer Service
33215,Steen,Fasbender,Technique Leader,Production
33722,Anwar,Collette,Senior Engineer,Development
33722,Anwar,Collette,Senior Engineer,Research
34077,Angel,Sichman,Staff,Sales
34261,Kyoichi,Callaway,Senior Staff,Human Resources
34446,Chinhyun,Bauknecht,Senior Engineer,Development
34452,Naftaly,Foong,Engineer,Production
34505,Felicidad,Kumaresan,Senior Staff,Sales
34533,Erzsebet,Shigei,Senior Engineer,Production
34533,Erzsebet,Shigei,Senior Engineer,Quality Management
34780,Moni,Kohling,Staff,Marketing
34780,Moni,Kohling,Staff,Sales
34788,Ennio,Babu,Senior Engineer,Production
34936,Bokyung,Stamatiou,Technique Leader,Production
35044,Jiang,Waschkowski,Engineer,Production
35087,Leif,Ashish,Senior Staff,Customer Service
35441,Chandrasekaran,Peek,Engineer,Development
35441,Chandrasekaran,Peek,Engineer,Research
35642,Ashish,Talmon,Senior Engineer,Production
35642,Ashish,Talmon,Senior Engineer,Quality Management
35793,Oscar,Kusalik,Staff,Customer Service
35798,Ulf,Oberman,Senior Engineer,Development
36521,Serif,Gladwell,Staff,Finance
36626,Fen,Genin,Senior Staff,Sales
36733,Uma,Reinhard,Staff,Customer Service
36844,Hailing,Levergood,Staff,Customer Service
36982,Kotesh,Rajala,Engineer,Quality Management
37070,Jeong,Undy,Staff,Customer Service
37945,Suzette,Butterworth,Senior Engineer,Development
38043,Michaela,Randi,Senior Engineer,Development
38103,Masasuke,Babu,Senior Engineer,Production
38168,Fumiko,Deverell,Staff,Sales
38550,JoAnne,Baez,Senior Engineer,Quality Management
38593,Huei,Orsini,Senior Engineer,Production
38947,Shuichi,Ruemmler,Staff,Marketing
38947,Shuichi,Ruemmler,Staff,Human Resources
39000,Martijn,Vendrig,Staff,Research
39036,Changho,Cappelli,Staff,Human Resources
39301,Rimon,Kawashima,Staff,Research
39341,Mahmut,Lampe,Senior Engineer,Production
39952,Otmar,Sudbeck,Staff,Sales
40269,Toshiki,Ghazalie,Staff,Sales
40283,Sudhanshu,Boissier,Senior Engineer,Development
40301,Spyrose,Felder,Senior Engineer,Production
40301,Spyrose,Felder,Senior Engineer,Customer Service
40536,Harngdar,Bernardinello,Engineer,Development
40765,Michaela,Ramsak,Staff,Research
40773,Shimshon,Aingworth,Staff,Customer Service
40983,Marla,Cherinka,Technique Leader,Development
41114,Petter,Thummel,Technique Leader,Production
41137,Bikash,Buchter,Staff,Sales
41137,Bikash,Buchter,Staff,Customer Service
41357,Willard,Vernadat,Engineer,Development
41518,Keung,Schapiro,Senior Engineer,Production
41518,Keung,Schapiro,Senior Engineer,Quality Management
41520,Xiong,Uhrik,Senior Engineer,Development
41609,Yucai,Simmen,Senior Staff,Sales
42778,Shuji,Remmers,Staff,Human Resources
42911,Brigham,Eterovic,Senior Engineer,Production
42950,Shaleah,Eickenmeyer,Senior Staff,Research
42955,Yucel,Lortz,Engineer,Quality Management
43154,Maha,Waterhouse,Senior Staff,Finance
43733,Huei,Boguraev,Staff,Human Resources
43848,Phillip,Oxenboll,Engineer,Production
44054,Alenka,Ritcey,Engineer,Development
44265,Maria,Eppinger,Engineer,Development
44540,Mingzeng,Sadowski,Senior Engineer,Development
44900,Mark,Schwaller,Staff,Marketing
44959,Volkmar,Uhrik,Engineer,Production
44962,Sariel,Wynblatt,Assistant Engineer,Development
45162,Dulce,Speel,Engineer,Development
46000,Zhaofang,Penn,Senior Staff,Customer Service
46328,Wuxu,Trogemann,Senior Staff,Sales
46811,Junsik,Berendt,Senior Engineer,Production
46834,Tooru,Daescu,Senior Staff,Sales
46943,Pasqua,Maraist,Senior Engineer,Development
47016,Toong,Litecky,Staff,Customer Service
47139,Marco,Usdin,Engineer,Development
47262,Gonzalo,Binkley,Engineer,Development
47515,Naraig,Jenevein,Senior Engineer,Development
47702,Juyoung,Vieri,Senior Staff,Sales
47708,Edwin,Haldar,Senior Staff,Marketing
48275,Sariel,Massonet,Senior Staff,Sales
48690,Hitomi,Schaap,Staff,Human Resources
48882,Leen,Lamparter,Engineer,Production
48904,Yuichiro,Malabarba,Senior Staff,Finance
48947,Filipp,Akaboshi,Senior Staff,Sales
49010,Kazuhisa,Benantar,Senior Staff,Marketing
49010,Kazuhisa,Benantar,Senior Staff,Sales
49017,Filipp,Flanders,Senior Engineer,Development
49119,Lena,Peek,Senior Engineer,Production
49177,Tze,Bach,Engineer,Production
49464,Siddarth,Cappelletti,Staff,Sales
49477,Baocai,Leaver,Senior Staff,Human Resources
50293,Xinan,Rindone,Engineer,Production
50311,Mooi,Stafford,Senior Engineer,Quality Management
50453,Aron,Harbusch,Staff,Finance
50670,Boguslaw,Snedden,Senior Staff,Marketing
50831,Marie,Khalid,Senior Engineer,Production
50831,Marie,Khalid,Senior Engineer,Development
51036,Chriss,Fasbender,Staff,Sales
51057,Theirry,Albarhamtoshy,Senior Staff,Marketing
51060,Youngkon,Rohrbach,Engineer,Development
51142,Rosine,Lakshmanan,Engineer,Development
52038,Chikako,Armand,Senior Engineer,Production
52040,Phule,Heijenga,Senior Staff,Development
52040,Phule,Heijenga,Senior Staff,Research
52283,Trygve,Krupka,Senior Staff,Research
52386,Adas,Denti,Senior Staff,Sales
52590,Jouni,Munoz,Senior Staff,Development
52590,Jouni,Munoz,Senior Staff,Research
52599,Augustine,Mungall,Engineer,Production
52599,Augustine,Mungall,Engineer,Customer Service
52639,Arup,Colorni,Senior Staff,Sales
52770,Shugo,Yurek,Staff,Sales
52778,Alain,Penn,Technique Leader,Quality Management
52956,Khalil,Picci,Engineer,Production
52956,Khalil,Picci,Engineer,Quality Management
52970,Lobel,Werthner,Engineer,Production
53278,Premsyl,Lortz,Senior Staff,Sales
53314,Eberhardt,Carrera,Staff,Research
53431,Sham,Vasanthakumar,Senior Staff,Marketing
53431,Sham,Vasanthakumar,Senior Staff,Customer Service
53499,Zdislav,Mandelberg,Senior Engineer,Production
53597,Jiafu,Marchegay,Engineer,Development
53874,Bodo,Schade,Staff,Marketing
53924,Arnould,Gaughan,Engineer,Production
54198,Shaowen,Segond,Engineer,Development
54632,Etsuo,Serot,Senior Staff,Finance
54795,Sumant,Nergos,Staff,Production
54795,Sumant,Nergos,Staff,Customer Service
54800,Breannda,Cangellaris,Staff,Sales
55640,Adit,Syrotiuk,Engineer,Production
55687,Shih,Lindqvist,Senior Engineer,Development
55799,Jianwen,Litzler,Senior Engineer,Production
55857,Adin,Scallan,Senior Staff,Sales
56105,Makato,Remmers,Engineer,Development
56209,Remzi,Douceur,Engineer,Production
56415,Sigeru,Nivat,Senior Staff,Finance
56428,Olivera,Hanabata,Staff,Sales
56682,Roded,Picco,Assistant Engineer,Development
56829,Nagui,Gruenwald,Engineer,Production
56829,Nagui,Gruenwald,Engineer,Quality Management
56847,Menkae,Chinin,Senior Engineer,Production
56847,Menkae,Chinin,Senior Engineer,Quality Management
57934,Sanjoy,Boudaillier,Engineer,Development
58141,Bezalel,Karner,Staff,Finance
58147,Shigenori,Sullins,Senior Staff,Marketing
58384,Mariusz,Vural,Senior Engineer,Development
58454,Ziya,Zambonelli,Engineer,Production
58497,Yechiam,Cairo,Senior Staff,Marketing
58497,Yechiam,Cairo,Senior Staff,Sales
58819,Gennady,Liesche,Senior Staff,Sales
58990,Palash,Trelles,Engineer,Development
59195,Ronnie,Pollock,Technique Leader,Development
59640,Zita,Hiltgen,Staff,Finance
59869,Zsolt,Riefers,Senior Staff,Marketing
59966,Steen,Salvesen,Technique Leader,Production
60000,Heekeun,Emmart,Engineer,Development
60091,Surveyors,Bade,Staff,Customer Service
60238,Erzsebet,Claffy,Staff,Marketing
60238,Erzsebet,Claffy,Staff,Sales
60559,Jeanna,Stemann,Senior Engineer,Production
60821,Moty,Mersereau,Staff,Human Resources
60845,Bedir,Siegrist,Engineer,Production
60875,Rildo,Masaki,Senior Engineer,Quality Management
60959,Tetsushi,Sridhar,Senior Staff,Marketing
60959,Tetsushi,Sridhar,Senior Staff,Sales
61147,Leszek,Werthner,Staff,Marketing
61253,Cheong,Uhrik,Senior Engineer,Development
61253,Cheong,Uhrik,Senior Engineer,Research
61377,Dannz,Ohori,Senior Staff,Production
61377,Dannz,Ohori,Senior Staff,Customer Service
61541,Kasidit,Papsdorf,Engineer,Development
61873,Woody,Rusmann,Assistant Engineer,Quality Management
62033,Heeju,Cappelli,Senior Engineer,Production
62046,Karlis,Nanard,Engineer,Production
62245,Adel,Bressoud,Engineer,Development
63294,Tetsushi,Tanemo,Engineer,Production
63419,Hiroyasu,Seuren,Senior Engineer,Production
63441,Hinrich,Scallan,Staff,Human Resources
63566,Heekeun,Slaats,Senior Staff,Sales
63631,Falguni,Cherinka,Senior Engineer,Production
63631,Falguni,Cherinka,Senior Engineer,Customer Service
63706,Sedat,Itzigehl,Engineer,Development
64023,Laurentiu,Benzmuller,Senior Engineer,Development
64209,Golgen,Schoegge,Senior Staff,Customer Service
64487,Tsutomu,Rebaine,Engineer,Quality Management
64532,Atilio,Segond,Engineer,Production
64632,Zsolt,Brender,Senior Staff,Sales
64790,Shin,Piveteau,Engineer,Development
64828,Krister,Pappas,Staff,Sales
64984,Eldridge,Eldridge,Engineer,Production
64984,Eldridge,Eldridge,Engineer,Quality Management
65171,Jeane,Tasistro,Technique Leader,Production
65539,Aksel,Picaronny,Engineer,Development
65883,Patricia,Pepe,Staff,Sales
65998,Mandell,Alameldin,Senior Staff,Sales
66382,Domenico,Candan,Engineer,Production
66530,Dung,Leaver,Staff,Research
66643,Jianhao,Tomescu,Engineer,Production
66702,Deniz,Thibadeau,Engineer,Development
66757,Yonghong,Baig,Staff,Marketing
66807,Aiman,Rosaz,Senior Engineer,Development
67320,Sadok,Lorys,Senior Staff,Marketing
67548,Fumitaka,Roohalamini,Staff,Human Resources
67934,Aiman,Gargeya,Engineer,Production
68416,Munenori,Debuse,Senior Engineer,Production
68608,Yucai,Seghrouchni,Engineer,Production
68633,Chinhyun,Rassart,Senior Engineer,Production
68648,Jaques,DiGiano,Technique Leader,Development
69052,Shietung,Shrader,Senior Staff,Sales
69219,Shuky,Redmiles,Senior Staff,Marketing
69219,Shuky,Redmiles,Senior Staff,Sales
69867,Miyeon,Rothe,Senior Staff,Sales
69878,Chinya,Cooke,Engineer,Development
69936,Lalit,Unni,Assistant Engineer,Production
69936,Lalit,Unni,Assistant Engineer,Development
70469,Tru,Miyakawa,Senior Staff,Marketing
70990,Arumugam,Nitta,Senior Engineer,Production
71066,Domenick,Basart,Staff,Sales
71141,Sajjad,Vitiello,Staff,Human Resources
71188,Pranjal,Schapiro,Senior Staff,Sales
71243,Kinh,Buchter,Engineer,Production
71334,Cathie,Peck,Engineer,Development
71334,Cathie,Peck,Engineer,Research
71685,Kristinn,Olano,Senior Engineer,Production
71710,Hitomi,Takanami,Assistant Engineer,Development
71745,Adil,Laventhal,Assistant Engineer,Development
72190,Sajjad,Waeselynck,Engineer,Development
72194,Feiyu,Siepmann,Senior Engineer,Production
72232,Naraig,Veldwijk,Senior Engineer,Quality Management
72640,Honglan,Hutton,Engineer,Quality Management
72918,Takahira,Szilard,Senior Staff,Sales
73076,Froduald,Feldhoffer,Senior Engineer,Development
73233,Shigeo,Merey,Senior Engineer,Production
73516,Qingxiang,Badache,Senior Engineer,Production
73743,Anneke,Bernardeschi,Engineer,Production
73743,Anneke,Bernardeschi,Engineer,Customer Service
74200,Holgard,Weiland,Senior Engineer,Production
74344,Hiroyasu,Provine,Engineer,Development
74668,Masako,Bonifati,Senior Staff,Sales
74800,Yuuichi,Conde,Assistant Engineer,Production
75354,Shuky,Jakobus,Engineer,Development
75703,Kyoichi,Erman,Engineer,Development
76189,Kolar,Hinsberger,Engineer,Production
76201,Arif,Preusig,Senior Engineer,Development
76640,Tristan,Mitsuhashi,Engineer,Quality Management
77030,Faiza,Garnham,Technique Leader,Development
77303,Xinglin,Birge,Senior Staff,Customer Service
77647,Niranjan,Schaaf,Technique Leader,Production
77815,Ronghao,Picaronny,Assistant Engineer,Development
78106,Ashish,Ratnaker,Senior Staff,Marketing
78106,Ashish,Ratnaker,Senior Staff,Sales
78363,Susumu,Fritzsche,Engineer,Quality Management
78469,Leucio,Cappelli,Staff,Human Resources
78871,Conor,Ghandeharizadeh,Senior Engineer,Development
79043,Katsuo,Hockney,Technique Leader,Production
79171,Guiseppe,Ellozy,Senior Engineer,Production
79310,Jeong,Cunliffe,Senior Staff,Marketing
79606,Arnd,Peir,Senior Engineer,Development
79763,Sanjoy,Barreiro,Staff,Marketing
79895,Fei,Murtagh,Senior Staff,Sales
80067,Kazuhisa,Weiland,Staff,Customer Service
80203,Shakhar,Baik,Staff,Sales
80432,Stella,Figueira,Senior Staff,Research
80731,Shaowen,Eldridge,Senior Staff,Sales
80850,Koldo,Luit,Engineer,Production
80889,Shigeo,Linnainmaa,Senior Engineer,Development
80948,Harjit,Bardell,Senior Engineer,Development
81105,Jaewon,Boissier,Senior Engineer,Development
81545,Larisa,Kornyak,Technique Leader,Development
81545,Larisa,Kornyak,Technique Leader,Quality Management
81644,Divine,Ghandeharizadeh,Staff,Sales
81995,Sreekrishna,Brender,Senior Engineer,Development
82069,Yechezkel,Perfilyeva,Senior Engineer,Production
82098,Poornachandra,Wilharm,Senior Engineer,Production
82351,Stevo,Thambidurai,Senior Staff,Human Resources
82511,Uwe,Koblick,Engineer,Development
82919,Shigeu,Claffy,Engineer,Development
82919,Shigeu,Claffy,Engineer,Quality Management
82928,Alselm,Rikino,Senior Engineer,Development
83280,Francesca,Ellozy,Senior Engineer,Production
83289,Shigeichiro,Engelmann,Engineer,Development
83509,Breannda,Collavizza,Engineer,Development
83544,Leaf,Baak,Senior Staff,Sales
83714,Ohad,Kilgore,Engineer,Production
83714,Ohad,Kilgore,Engineer,Customer Service
83805,Manohar,Harllee,Senior Engineer,Development
83941,Zsolt,Hagimont,Senior Staff,Research
84029,Babette,Eugenio,Staff,Customer Service
84179,Shuichi,Nanard,Senior Engineer,Production
84236,Eberhardt,Barriga,Senior Staff,Sales
84315,Kristina,Baumann,Assistant Engineer,Development
84451,Shiv,Aumann,Senior Engineer,Development
84508,Tommaso,Vidya,Engineer,Development
84840,Sverrir,Neimat,Staff,Research
84922,Parke,Unno,Engineer,Development
84942,Shin,Fujisaki,Technique Leader,Quality Management
85216,Ferdinand,Rosiles,Senior Staff,Finance
85288,Younwoo,Luders,Engineer,Production
85288,Younwoo,Luders,Engineer,Quality Management
85414,Chiradeep,Callaway,Staff,Finance
85445,Yongdong,Pollock,Staff,Sales
85702,Udi,Merks,Engineer,Quality Management
85874,Pasqua,Taubman,Senior Staff,Customer Service
86213,Kristine,Clemencon,Senior Staff,Marketing
86213,Kristine,Clemencon,Senior Staff,Sales
86354,Ronghao,Segond,Senior Engineer,Development
86422,Jaewon,Thummel,Senior Staff,Marketing
86546,Oldrich,Woycyznski,Engineer,Production
86655,Zhenhua,Lorys,Engineer,Production
86672,JoAnne,Anido,Staff,Research
87129,Keung,Neiman,Staff,Sales
87353,Quingbo,Coombs,Senior Engineer,Development
87714,Khun,Janetzko,Engineer,Production
87729,Yongmin,Roccetti,Senior Staff,Research
87783,Conor,Thorensen,Senior Engineer,Development
88103,Goo,Bresenham,Senior Staff,Sales
88411,Lena,Cannane,Engineer,Development
88422,Jungsoon,Birsak,Technique Leader,Production
88647,Vasiliy,Ratnaker,Engineer,Development
88958,Vojin,Coombs,Senior Staff,Finance
88965,Mang,Hedayat,Engineer,Development
89048,Otmar,Birjandi,Engineer,Development
89090,Tetsushi,Theuretzbacher,Senior Staff,Human Resources
89161,Conal,Yetto,Staff,Finance
89207,Along,Erol,Staff,Human Resources
89346,Mansur,Comyn,Engineer,Development
89590,Guther,Rothenberg,Staff,Research
89664,Pranjal,Rossi,Staff,Marketing
89680,Aiman,Mawatari,Engineer,Production
89806,Xiadong,Shinomoto,Engineer,Production
89922,Alexius,Ibel,Senior Engineer,Production
89941,Arnould,Weedman,Senior Staff,Marketing
90077,Vivian,Guerreiro,Engineer,Development
90084,Renny,Bale,Engineer,Production
90211,Bader,Denis,Engineer,Production
90292,Koichi,Assaf,Engineer,Production
90518,Fumiko,Chepyzhov,Senior Staff,Customer Service
90614,Yonghoan,Trogemann,Engineer,Production
90692,Rajmohan,DasSarma,Senior Staff,Marketing
91172,Kazuhisa,Melter,Senior Staff,Customer Service
91182,Lucien,Schwartzburd,Engineer,Development
91229,Yahiko,Hebden,Engineer,Production
91256,Gunilla,Milicic,Staff,Marketing
91333,Lobel,Stafford,Staff,Sales
91415,Jamaludin,Nilsson,Staff,Sales
91648,Dmitry,Msuda,Senior Staff,Marketing
92438,Aria,Kilgore,Senior Engineer,Production
92438,Aria,Kilgore,Senior Engineer,Customer Service
92454,Visit,McFarlan,Senior Engineer,Quality Management
92577,Zhanqiu,Farrow,Assistant Engineer,Production
92598,Ranga,Merro,Assistant Engineer,Production
92685,Mang,Atchley,Senior Staff,Sales
92841,Claude,Candan,Senior Staff,Sales
92846,Anyuan,Kropatsch,Senior Staff,Marketing
92920,Huei,Hutter,Senior Engineer,Development
93040,Jaques,Kabayashi,Senior Engineer,Development
93220,Richara,Walston,Senior Engineer,Quality Management
93278,Magdalena,Penn,Engineer,Production
93549,Arie,Coullard,Staff,Finance
93549,Arie,Coullard,Staff,Sales
93600,Kristina,Neimat,Technique Leader,Production
94331,Ramzi,Cronau,Technique Leader,Production
94416,Aran,Cesareni,Senior Staff,Finance
94416,Aran,Cesareni,Senior Staff,Sales
94761,Hitofumi,Zaccaria,Engineer,Development
94944,Heping,Matheson,Engineer,Development
95181,Yishai,Cappelli,Staff,Research
95286,Kristin,Guerreiro,Engineer,Development
95314,Rasiah,Koblick,Staff,Sales
95406,Alair,Lyonns,Engineer,Development
95416,Gianluca,Ramaiah,Engineer,Development
95509,Kristinn,Loncour,Engineer,Production
95920,Nobuyoshi,Hegner,Senior Staff,Finance
96571,Kokou,Garrabrants,Senior Engineer,Production
96579,Mohan,Tasistro,Engineer,Production
96767,Arumugam,Vecchio,Engineer,Production
97018,Jeanna,Chinen,Senior Engineer,Production
97623,Haldon,Janetzko,Staff,Human Resources
97661,Avishai,Hegner,Staff,Research
98288,Sumali,Huttel,Senior Staff,Research
98306,Ziya,Kadhim,Senior Engineer,Production
98306,Ziya,Kadhim,Senior Engineer,Development
98639,Florina,Assaf,Staff,Research
99057,Shugo,Reeken,Staff,Customer Service
99373,Xiaobin,Christianini,Senior Staff,Customer Service
99377,Carrsten,Francisci,Senior Engineer,Development
99590,Dhritiman,Anily,Staff,Sales
99654,Mahendra,Motley,Senior Staff,Research
100865,Hisao,Peral,Engineer,Production
100916,Heejo,Aamodt,Engineer,Development
101487,Abdelaziz,Sury,Senior Staff,Sales
101647,Mori,Homond,Senior Staff,Sales
101902,Mantis,Millington,Senior Staff,Sales
102620,Adin,Templeman,Engineer,Production
102620,Adin,Templeman,Engineer,Quality Management
103196,Djenana,Albarhamtoshy,Staff,Human Resources
103310,Visit,Swen,Staff,Marketing
103316,Susanne,Peternell,Engineer,Development
103342,Beshir,Hellwagner,Engineer,Quality Management
103756,Heping,Halloran,Engineer,Development
104133,Pranjal,Zyda,Senior Staff,Sales
104845,Werner,Lodder,Senior Staff,Finance
104988,Parviz,Litzler,Engineer,Development
105342,Kwun,Reeker,Technique Leader,Quality Management
105356,Diederik,Matzov,Senior Engineer,Development
105356,Diederik,Matzov,Senior Engineer,Research
105432,Mohamadou,Stafford,Senior Engineer,Development
105520,Haldun,Lienhardt,Senior Staff,Sales
105731,Sachem,Cromarty,Engineer,Development
106096,Naftali,Schurmann,Senior Engineer,Production
106242,Nevio,Thisen,Senior Staff,Human Resources
106695,Lijie,Garrabrants,Staff,Development
106695,Lijie,Garrabrants,Staff,Research
106710,Babette,Anandan,Staff,Marketing
107486,Siamak,Luiz,Senior Engineer,Development
107737,Fabrizio,Chleq,Senior Engineer,Development
107792,Shahab,Crooks,Senior Staff,Marketing
107828,Ramya,Walston,Senior Staff,Sales
108091,Hisao,Ghemri,Senior Staff,Customer Service
108198,Randi,Samarati,Senior Staff,Research
108316,Shai,Stellhorn,Senior Engineer,Production
108988,Oksana,Baek,Senior Staff,Sales
109062,Jamaludin,Kandlur,Senior Engineer,Development
109211,Gor,Delgrande,Engineer,Development
109211,Gor,Delgrande,Engineer,Research
109252,Moty,Winter,Technique Leader,Production
109278,Bangqing,Schach,Staff,Finance
109552,Menkae,Etalle,Engineer,Development
109598,Stamatina,Auyong,Senior Staff,Finance
109620,Mani,Cannata,Senior Staff,Sales
109703,Arco,Walston,Engineer,Production
109741,Hatem,Fadgyas,Senior Engineer,Production
109953,Godehard,Chorvat,Staff,Sales
200267,Chuanti,Luff,Senior Staff,Customer Service
200312,Akemi,Fujisaki,Senior Engineer,Production
200312,Akemi,Fujisaki,Senior Engineer,Quality Management
200363,Kirk,Quaggetto,Senior Engineer,Development
200735,Dinah,Denos,Senior Staff,Marketing
200789,Susumu,Camurati,Staff,Marketing
201229,Alejandra,Khasidashvili,Staff,Human Resources
201708,Anneli,Perl,Staff,Human Resources
201709,Fan,Kakkad,Senior Staff,Finance
201739,Genta,Terekhov,Assistant Engineer,Development
201801,Waiman,Genin,Engineer,Development
201915,Sudharsan,DeMori,Senior Engineer,Production
202291,Ortrun,Schmiedel,Engineer,Production
202403,Gully,Perko,Engineer,Production
202414,Zvonko,Murthy,Senior Staff,Customer Service
202552,Morris,Saoudi,Engineer,Production
202826,Kerhong,Matzke,Senior Engineer,Development
202882,Isaac,Koshino,Senior Engineer,Development
202950,Giordano,Pietrzykowski,Senior Staff,Human Resources
203474,Hugh,Jonsson,Senior Staff,Sales
203495,Zongyan,Gips,Technique Leader,Development
203599,Ewing,DiGiano,Technique Leader,Development
203720,Sasan,Thimonier,Senior Staff,Sales
203946,Yefim,Marwedel,Senior Staff,Human Resources
204117,Jessie,Nooteboom,Staff,Sales
204117,Jessie,Nooteboom,Staff,Customer Service
204133,Susuma,Bergere,Senior Staff,Finance
204246,Arve,Worfolk,Senior Staff,Research
204425,Gretta,Huttel,Senior Engineer,Development
204470,Hein,Lichtner,Senior Staff,Sales
204470,Hein,Lichtner,Senior Staff,Customer Service
204471,Franziska,Maginnis,Senior Engineer,Development
204764,Susanne,Mandelberg,Engineer,Development
205018,Yahiko,Awdeh,Engineer,Quality Management
205085,Moni,Kornyak,Technique Leader,Development
205174,Leszek,Spinelli,Staff,Marketing
205500,Mary,Setiz,Senior Engineer,Development
205627,Stabislas,Broder,Senior Engineer,Production
205660,Kien,Barreiro,Staff,Marketing
205660,Kien,Barreiro,Staff,Human Resources
205699,Youjian,Yetto,Senior Staff,Sales
205789,Limsoon,Skafidas,Senior Staff,Finance
205863,Aiichiro,Kusalik,Senior Engineer,Quality Management
206748,Yucai,Fabrizio,Staff,Sales
206836,Guadalupe,Pfau,Staff,Research
206966,Tzu,Sichman,Engineer,Development
207021,Jacqueline,Akaboshi,Engineer,Production
207068,Zhiguo,Ariola,Senior Staff,Marketing
207204,Kellie,Schrooten,Assistant Engineer,Development
207401,Shuji,Barbanera,Senior Staff,Research
207551,Baziley,Falck,Assistant Engineer,Development
207779,Chinya,Kamble,Senior Staff,Research
207980,Remko,Vieth,Senior Staff,Human Resources
208147,Manu,Rothenberg,Engineer,Development
208330,Shen,Flanders,Staff,Sales
208639,Larisa,Lukaszewicz,Senior Staff,Sales
208639,Larisa,Lukaszewicz,Senior Staff,Customer Service
208653,Phillip,Schade,Senior Engineer,Development
208784,Pranjal,Juneja,Senior Engineer,Production
209101,Xinyu,Edelhoff,Senior Engineer,Quality Management
209443,Krassimir,Garnier,Senior Staff,Human Resources
209565,Dante,Covnot,Senior Staff,Marketing
209712,Nimmagadda,Baak,Assistant Engineer,Development
210017,Shalesh,Lovengreen,Senior Staff,Human Resources
210292,Lihong,Zeilberger,Staff,Human Resources
210449,Gino,Lagarias,Engineer,Production
210752,Saniya,Stenning,Senior Staff,Marketing
210786,Werner,Ranze,Staff,Human Resources
211858,Domenico,Ratnaker,Engineer,Production
211879,Gao,Ranze,Engineer,Development
211967,Anwar,Bain,Senior Engineer,Development
212093,Leni,Henders,Senior Staff,Human Resources
212154,Sailaja,Holburn,Senior Staff,Customer Service
212361,Claudi,Stanfel,Engineer,Quality Management
213016,Yongmao,Fontan,Engineer,Development
213140,Tru,Danecki,Staff,Sales
213384,Pranas,Narwekar,Engineer,Development
213447,Armond,Perly,Engineer,Production
214215,Xiaoqiang,Cardazo,Senior Staff,Sales
214391,Rayond,Klassen,Staff,Customer Service
214427,Peer,Molberg,Engineer,Production
214539,Ingmar,Kohling,Engineer,Development
214634,Shirish,Vickson,Senior Engineer,Development
214789,Arfst,Chepyzhov,Engineer,Production
214866,Gopalakrishnan,Angel,Senior Engineer,Development
214995,Dinkar,Hoppenstand,Engineer,Production
215419,Flemming,Kroha,Staff,Human Resources
215629,Munehiro,Manders,Staff,Customer Service
215746,Sven,Speer,Staff,Finance
215843,Pramod,Loncour,Senior Staff,Marketing
216054,Sahrah,Angiulli,Senior Staff,Research
216342,Aiichiro,Cromarty,Engineer,Development
216375,Byong,Gustavson,Senior Engineer,Development
216502,Xiaocheng,Suermann,Engineer,Development
216573,Ashish,Vidya,Senior Engineer,Production
216921,Lena,Lenart,Senior Staff,Sales
217026,Otmar,Engberts,Senior Staff,Sales
217080,Masami,Puoti,Senior Engineer,Development
217272,Yuchang,Eldridge,Senior Staff,Sales
217286,Yannik,Spelt,Technique Leader,Development
217320,Abdelwaheb,Denis,Engineer,Quality Management
217363,Horward,Marzano,Staff,Customer Service
217387,Jianhao,Molenaar,Engineer,Development
217551,Panayotis,Lukaszewicz,Engineer,Production
217800,Shay,Servieres,Senior Staff,Finance
218022,Mokhtar,Poupard,Technique Leader,Development
218100,Jiong,Garnham,Senior Staff,Human Resources
218831,Unal,DuBourdieux,Engineer,Production
219035,Kristine,Bierman,Technique Leader,Quality Management
219047,Aemilian,Kusalik,Engineer,Development
219052,Marsal,Acton,Staff,Marketing
219417,Subhrajyoti,Denna,Staff,Research
219497,Moie,Zastre,Technique Leader,Development
219967,Susanna,Reeken,Senior Staff,Human Resources
220029,Demos,Asser,Senior Engineer,Development
220131,Reinhard,Slaats,Senior Engineer,Development
220418,Poorav,Laventhal,Staff,Sales
220528,Sibyl,Rabehasaina,Senior Staff,Research
220582,Poornachandra,Zielinski,Senior Staff,Marketing
220611,Yuping,Babb,Senior Staff,Sales
220625,Shigenori,Deville,Technique Leader,Production
220699,Nahid,Gyimothy,Staff,Customer Service
220799,Perla,Orlowska,Senior Engineer,Development
220799,Perla,Orlowska,Senior Engineer,Research
221126,Tesuya,dAstous,Engineer,Development
221367,Saddek,Farris,Senior Staff,Customer Service
221369,Abdulah,Pocchiola,Engineer,Quality Management
221435,Djenana,Marrevee,Engineer,Production
221973,Sangeeta,Kalefeld,Staff,Marketing
222206,Stein,Uludag,Staff,Human Resources
222311,Miyeon,Billingsley,Senior Engineer,Development
222319,Matt,Chvatal,Senior Engineer,Development
222354,Valdiodio,Schlumberger,Assistant Engineer,Development
222616,Badri,Schapire,Assistant Engineer,Quality Management
222770,Kazuhiko,Kushner,Senior Engineer,Development
222878,Annemarie,Zallocco,Senior Engineer,Production
222878,Annemarie,Zallocco,Senior Engineer,Development
222926,Limsoon,Erol,Senior Engineer,Development
222952,Gopalakrishnan,Suermann,Engineer,Production
222998,Leaf,Awdeh,Staff,Marketing
222998,Leaf,Awdeh,Staff,Human Resources
223593,Hidefumi,Moehrke,Staff,Marketing
223595,Chiranjit,Dredge,Technique Leader,Production
224135,Annemarie,Bressoud,Engineer,Development
224335,Perry,Chachaty,Engineer,Development
224390,True,Shobatake,Senior Staff,Research
224934,George,Miake,Senior Staff,Human Resources
225438,Remmert,Quaggetto,Senior Staff,Sales
225601,Masasuke,Genin,Assistant Engineer,Development
225788,Ipke,Kieras,Engineer,Development
225867,Ramalingam,Remmele,Senior Engineer,Quality Management
225964,Mooi,Cooman,Engineer,Production
226216,Giordano,Gini,Technique Leader,Quality Management
226227,Herbert,Erva,Engineer,Production
227354,Gio,Murtha,Engineer,Development
227476,Macha,Schnabel,Engineer,Development
227681,Mikhail,Rousseau,Staff,Finance
227899,Garnik,Luce,Staff,Marketing
227901,Francesca,Azuma,Senior Staff,Research
228098,IEEE,Kroll,Engineer,Production
228098,IEEE,Kroll,Engineer,Customer Service
228248,Yuriy,Plump,Staff,Research
228554,Bilhanan,Brendel,Senior Staff,Sales
228766,Nahla,Smailagic,Engineer,Production
228766,Nahla,Smailagic,Engineer,Development
229098,Berry,Yurek,Senior Staff,Customer Service
229220,Fabrizio,Lichtman,Senior Engineer,Production
229248,Harjit,Terekhov,Staff,Research
229386,Pohua,Tasistro,Technique Leader,Production
229386,Pohua,Tasistro,Technique Leader,Customer Service
229391,Paloma,Henseler,Senior Engineer,Production
229404,Gilbert,Kilgour,Staff,Human Resources
229547,Moni,Schach,Staff,Sales
229727,Ewing,Millington,Engineer,Development
229981,Jamaludin,Fordan,Engineer,Production
230002,Tadahiro,Backhouse,Engineer,Development
230126,Bezalel,Radivojevic,Staff,Customer Service
230287,Renny,Alameldin,Assistant Engineer,Production
230354,Yinghua,Lorho,Staff,Human Resources
230498,Kolar,Puppo,Engineer,Production
230579,Shahar,Negoita,Senior Staff,Finance
230689,Dietrich,Crabtree,Senior Staff,Sales
230865,Takushi,Brattka,Staff,Marketing
230865,Takushi,Brattka,Staff,Sales
231069,Trygve,Siksek,Staff,Sales
231459,Nectarios,Pramanik,Assistant Engineer,Production
231671,Chandrasekaran,Pearson,Staff,Customer Service
231798,Goetz,Alvarado,Engineer,Development
232178,Etsuo,Anandan,Senior Staff,Human Resources
232209,Nitsan,Rouquie,Engineer,Quality Management
232697,Barry,Ramsak,Engineer,Production
232723,Tesuya,Bugrara,Engineer,Quality Management
233114,Alselm,Gargeya,Senior Engineer,Development
233394,Khalid,Lenart,Engineer,Development
233397,Fay,Sundgren,Senior Staff,Sales
233426,Etsuo,Usery,Engineer,Development
233690,Cedric,Riefers,Engineer,Development
233759,Zissis,Lodder,Engineer,Production
233759,Zissis,Lodder,Engineer,Customer Service
233765,Kotesh,Chachaty,Senior Engineer,Development
233785,Baziley,Ballarin,Staff,Sales
233818,Kellie,Heydon,Engineer,Development
234195,Luerbio,Terkki,Staff,Sales
234739,Foong,Aamodt,Senior Engineer,Production
235017,Irena,Dratva,Staff,Sales
235096,Sverrir,Gyimothy,Staff,Sales
235096,Sverrir,Gyimothy,Staff,Customer Service
235325,Gro,Prochazka,Senior Engineer,Development
235368,Anneli,Joslin,Senior Engineer,Production
235458,Gio,Heuser,Senior Staff,Research
235729,Henk,Anger,Staff,Marketing
235780,Sampalli,Bergere,Senior Engineer,Production
235793,Jayesh,Spinelli,Senior Engineer,Production
235793,Jayesh,Spinelli,Senior Engineer,Quality Management
236315,IEEE,Raczkowsky,Technique Leader,Development
236566,Yechezkel,Maginnis,Senior Staff,Customer Service
236591,Insup,Reinhard,Senior Staff,Marketing
236827,Almudena,Rijckaert,Engineer,Development
236883,Huan,Olivero,Staff,Sales
236964,Adel,Foote,Staff,Sales
236964,Adel,Foote,Staff,Customer Service
238112,Miomir,Frezza,Technique Leader,Production
238252,Uno,Suppi,Staff,Sales
238422,Vishv,Angelov,Senior Staff,Sales
238949,Minghong,Cronin,Senior Staff,Sales
239067,Tadahiko,Pocchiola,Staff,Sales
239244,Abdulla,Kitai,Staff,Sales
239415,Susumu,Brender,Engineer,Production
239426,Vesna,Fairtlough,Engineer,Development
239426,Vesna,Fairtlough,Engineer,Research
239664,Sugwoo,Michaels,Engineer,Production
239706,Arunas,Bugrara,Assistant Engineer,Production
239748,Bilhanan,Dusink,Senior Staff,Sales
239803,Oscal,Ernst,Senior Staff,Research
240132,Mizuhito,Kobara,Senior Staff,Customer Service
240236,True,Tischendorf,Engineer,Production
240285,Kolar,Greenaway,Staff,Customer Service
240340,Mack,Staylopatis,Engineer,Production
240438,Temple,Cyre,Senior Staff,Customer Service
240870,Francesca,Chorvat,Staff,Production
240870,Francesca,Chorvat,Staff,Research
241100,Cedric,Molenaar,Engineer,Development
241254,Jagoda,Anguita,Senior Engineer,Development
241292,Uri,Lampe,Senior Staff,Marketing
241292,Uri,Lampe,Senior Staff,Customer Service
241567,Emran,Miara,Engineer,Development
241667,Atilio,Olivero,Senior Engineer,Production
241728,Limsoon,Boudaillier,Senior Engineer,Production
241728,Limsoon,Boudaillier,Senior Engineer,Customer Service
241872,Bluma,Fetvedt,Senior Staff,Development
241872,Bluma,Fetvedt,Senior Staff,Customer Service
242019,Herb,Murrill,Senior Engineer,Production
242019,Herb,Murrill,Senior Engineer,Development
242081,Tomokazu,Pargas,Assistant Engineer,Production
242104,Richara,Sudkamp,Staff,Marketing
242500,Bingning,Iisaku,Staff,Sales
242800,Kazuyasu,Levergood,Engineer,Development
243018,Bowen,Deverell,Senior Staff,Marketing
243077,Kazunori,Perz,Senior Engineer,Production
243576,Abdulah,Lodder,Staff,Sales
243637,Marjo,Delgrange,Staff,Marketing
243898,Arch,Basawa,Staff,Marketing
244308,Mokhtar,Rebaine,Senior Staff,Marketing
244605,Masoud,Suwa,Senior Staff,Finance
244605,Masoud,Suwa,Senior Staff,Human Resources
244624,Boaz,Seuren,Senior Staff,Research
244711,Rosli,Butner,Assistant Engineer,Production
244714,Poorav,Clouatre,Senior Engineer,Production
244820,Shigenori,Hertweck,Senior Engineer,Development
244873,Arunachalam,Oppitz,Senior Staff,Sales
245164,Filipp,Winter,Senior Engineer,Production
245396,Gift,Bottner,Senior Staff,Human Resources
245664,Manohar,Kilgore,Staff,Sales
246146,Zhongwei,Melski,Engineer,Quality Management
246244,George,Casperson,Staff,Human Resources
246364,Alper,Tiemann,Engineer,Development
246764,Shuzo,Czaja,Staff,Sales
246798,Tianruo,Strooper,Senior Staff,Marketing
246798,Tianruo,Strooper,Senior Staff,Sales
246902,Shih,Shanbhogue,Staff,Human Resources
247089,Seongbae,Schahn,Staff,Sales
247122,Xiaobin,Narlikar,Staff,Human Resources
247447,Tzu,Bakhtari,Senior Engineer,Production
247456,Masako,Bahk,Engineer,Production
247612,Chiranjit,Constantine,Engineer,Development
247875,Xiong,Anick,Senior Staff,Marketing
247888,Abdelghani,Lagarias,Engineer,Quality Management
248256,Sajjan,Falby,Staff,Sales
248351,Jaana,Milicia,Senior Staff,Marketing
248758,Snehasis,Muhlberg,Staff,Sales
248758,Snehasis,Muhlberg,Staff,Customer Service
248953,Percy,Sudbeck,Assistant Engineer,Production
249239,Hideyuki,Decleir,Senior Engineer,Development
249325,Ute,Pokrovskii,Staff,Sales
249433,Ayonca,Matzov,Senior Engineer,Production
249504,Dmitry,Velardi,Engineer,Development
249504,Dmitry,Velardi,Engineer,Research
249780,Nechama,Gaughan,Senior Engineer,Production
249780,Nechama,Gaughan,Senior Engineer,Customer Service
249799,Jolita,Neimat,Engineer,Development
249866,Steen,Gubsky,Staff,Sales
249969,Georgi,Luiz,Senior Engineer,Production
250411,Ranga,Sommen,Staff,Sales
250452,Alexius,Plavsic,Senior Engineer,Development
250748,Kish,Turnbull,Senior Engineer,Development
251166,Hinrich,Hooghiemstra,Staff,Finance
251233,Yucel,Bernini,Senior Engineer,Production
251301,Pintsang,Impagliazzo,Senior Staff,Sales
251341,Divier,Kumaresan,Senior Staff,Human Resources
251403,Utpal,DuBourdieux,Technique Leader,Development
251437,Shichao,Iwayama,Engineer,Development
251645,Bezalel,Tsunoo,Senior Staff,Sales
251680,Moty,Sommen,Senior Engineer,Development
251814,Mitsuyuki,Zockler,Technique Leader,Production
252185,Chaosheng,Conta,Assistant Engineer,Quality Management
252316,Gill,Niizuma,Engineer,Development
252392,Sanjeeva,Peron,Engineer,Production
253029,Thodoros,Thimonier,Engineer,Quality Management
253707,Insup,Hainaut,Staff,Sales
253838,Stafford,Terlouw,Assistant Engineer,Production
253893,Huiqun,Trystram,Senior Engineer,Production
254044,Gunilla,Brendel,Engineer,Quality Management
254399,Armond,Lores,Technique Leader,Production
254821,Tonny,Couchot,Staff,Sales
255466,Huan,Roccetti,Senior Engineer,Production
255657,Oldrich,Cyre,Senior Engineer,Development
255779,Heejo,Merle,Technique Leader,Production
256216,Halsur,Brodal,Engineer,Production
256856,Hongzue,Barbanera,Senior Staff,Human Resources
256881,Ioana,Jakobus,Engineer,Development
256888,Heather,Pehl,Staff,Marketing
257062,Stabislas,Pardalos,Engineer,Development
257378,Pascal,Bernatsky,Senior Staff,Marketing
257469,Anyuan,Hanratty,Senior Staff,Finance
257484,Shaowei,Nicolson,Staff,Human Resources
258028,Mountaz,Reinhart,Engineer,Development
258028,Mountaz,Reinhart,Engineer,Research
258124,Mariusz,Zolotykh,Senior Staff,Sales
258470,Weiwu,Butner,Staff,Sales
258643,Przemyslawa,Esposito,Engineer,Development
259042,Xiaoqiang,Farrow,Staff,Sales
259237,Palash,Gammage,Senior Staff,Customer Service
259273,Xiahua,Gomatam,Senior Engineer,Production
259611,Shuichi,Marrakchi,Senior Staff,Sales
259619,Conal,Magliocco,Senior Staff,Finance
259718,Stepehn,Bouloucos,Staff,Development
259718,Stepehn,Bouloucos,Staff,Research
260153,Mingdong,Baar,Technique Leader,Development
260249,Vugranam,Beausoleil,Staff,Customer Service
260361,Reinhold,Rahier,Engineer,Production
260361,Reinhold,Rahier,Engineer,Development
260399,Hatem,Birsak,Senior Staff,Finance
260408,Sasan,Brookner,Senior Staff,Customer Service
260501,Dzung,Pargas,Technique Leader,Development
261184,Masako,Kornatzky,Senior Engineer,Production
261631,Jianhua,Huttel,Engineer,Development
261662,Berni,Assaf,Senior Staff,Finance
261737,Mark,Lindqvist,Engineer,Production
261986,Gila,Ramsak,Senior Engineer,Development
261990,Volkmar,Czaja,Senior Staff,Sales
262208,Mrinalini,Holburn,Senior Staff,Finance
262208,Mrinalini,Holburn,Senior Staff,Sales
262210,Chinho,Bottner,Engineer,Development
262328,Mayuko,Vural,Staff,Sales
262439,Lorien,Lagarias,Staff,Marketing
262636,Tamiya,Reutenauer,Senior Engineer,Production
262636,Tamiya,Reutenauer,Senior Engineer,Development
262752,Pramod,Bierman,Engineer,Development
262928,Piyush,Gill,Senior Engineer,Production
262928,Piyush,Gill,Senior Engineer,Quality Management
263012,Hideo,Buchter,Staff,Human Resources
263186,Danny,Lowrie,Technique Leader,Development
263370,Shakhar,Ranze,Staff,Sales
263439,Atreye,Kabayashi,Senior Engineer,Development
263645,Mingsen,Lally,Senior Engineer,Development
263649,Mechthild,Zongker,Senior Staff,Sales
263926,Fusako,Schwartzbauer,Senior Staff,Sales
264030,Zdislav,Solares,Assistant Engineer,Production
264167,Baoqiu,Tomescu,Senior Engineer,Development
264322,Leandro,Swist,Senior Staff,Sales
264626,Noritoshi,Bakhtari,Staff,Marketing
264939,Bogdan,Bahi,Engineer,Production
264939,Bogdan,Bahi,Engineer,Development
265039,Navid,Staudhammer,Staff,Finance
265521,Kensei,Salverda,Engineer,Production
265558,Susuma,Kleiser,Staff,Sales
265794,Miquel,Halloran,Senior Staff,Sales
265875,Fan,Marsiglia,Engineer,Production
266206,Zsolt,Anily,Staff,Marketing
266249,Sumant,Nishimukai,Senior Staff,Sales
266310,Zvonko,Serdy,Senior Staff,Research
266644,Anwar,Gubsky,Staff,Finance
266862,Mart,Plumb,Senior Staff,Research
266881,Mokhtar,Sabnani,Senior Staff,Marketing
266881,Mokhtar,Sabnani,Senior Staff,Human Resources
267059,Moie,Tempesti,Senior Staff,Customer Service
267227,Susuma,Tagansky,Senior Engineer,Production
267304,Jordanka,Axelband,Senior Staff,Sales
267667,Irena,Kaiserswerth,Senior Staff,Sales
268043,Narain,Mikschl,Engineer,Development
268191,LiMin,Teitelbaum,Engineer,Production
269728,Naftali,Kragelund,Senior Staff,Marketing
270084,Ulises,Frolund,Senior Staff,Marketing
270716,Shunichi,Baer,Staff,Sales
270794,Dannz,Zhang,Senior Staff,Marketing
271106,Taisook,Kampfer,Engineer,Production
271219,Odoardo,Tyugu,Engineer,Production
272141,Tsutomu,Neiman,Senior Staff,Development
272141,Tsutomu,Neiman,Senior Staff,Customer Service
272285,Gully,Mitchem,Senior Staff,Customer Service
272316,Surveyors,Muhling,Engineer,Production
272452,Mitsuyuki,Isard,Engineer,Development
272452,Mitsuyuki,Isard,Engineer,Research
272599,Holgard,Hegner,Senior Staff,Marketing
272860,Minghong,Candan,Assistant Engineer,Production
273159,Divine,Hofmeyr,Technique Leader,Development
273286,Brigham,Asmuth,Senior Engineer,Development
273396,Wayne,Baba,Engineer,Development
273806,Hongzhu,Beetstra,Senior Staff,Marketing
273806,Hongzhu,Beetstra,Senior Staff,Customer Service
273858,Gunilla,Matzen,Senior Staff,Sales
274071,Mingsen,Weiland,Staff,Human Resources
274271,Prodip,Ritcey,Senior Staff,Sales
274369,Ranga,Waymire,Senior Staff,Research
274813,Yefim,Pettey,Staff,Sales
275158,Satyanarayana,Brandsma,Engineer,Development
275263,Vojin,Laventhal,Engineer,Development
275444,Limsoon,Leppanen,Engineer,Development
275495,Shen,Yamaashi,Staff,Sales
275801,Ayakannu,Heinisuo,Senior Staff,Sales
275881,Jiann,Munro,Senior Engineer,Production
275994,Uma,Prampolini,Senior Engineer,Production
276027,Holgard,Stavenow,Staff,Research
276184,Mari,Swick,Senior Staff,Sales
276186,Sajjad,Vecchi,Senior Staff,Human Resources
276189,Isaac,Klerer,Senior Staff,Human Resources
276445,Atilio,Randi,Senior Engineer,Production
276472,Hideyuki,Flanders,Senior Engineer,Development
276563,Gift,Solares,Senior Staff,Customer Service
276868,Alois,Sanella,Staff,Marketing
277316,Vitali,Rothenberg,Senior Staff,Sales
277362,Uzi,Kugler,Senior Staff,Customer Service
277420,Rayond,Schach,Engineer,Production
277777,Herbert,Itzigehl,Senior Engineer,Development
277829,Michaela,Fandrianto,Senior Engineer,Development
278239,Boaz,Bottner,Staff,Research
278386,Caolyn,Poujol,Technique Leader,Quality Management
278452,Sudhanshu,Toyoshima,Staff,Human Resources
278536,Munenori,Shobatake,Staff,Marketing
278549,Jaana,Werthner,Staff,Sales
278953,Jeanna,Ghandeharizadeh,Senior Engineer,Development
279115,Maren,DuCasse,Engineer,Development
279280,Niranjan,Debuse,Engineer,Production
279791,Chiranjit,Lyonns,Assistant Engineer,Development
280070,Niteen,Ebeling,Staff,Human Resources
280291,Lenore,Badache,Staff,Customer Service
280420,Jahangir,Hofting,Staff,Sales
280525,Kish,Herbst,Staff,Sales
280648,Heeju,Lorys,Engineer,Production
281570,Zijian,Covnot,Assistant Engineer,Development
281692,Khosrow,Sommen,Senior Engineer,Quality Management
281848,Parke,Staylopatis,Engineer,Development
281859,Masanao,Papastamatiou,Senior Engineer,Production
282191,Alper,Shinomoto,Engineer,Development
282333,Nahla,Serdy,Staff,Research
282343,Xinglin,Haldar,Staff,Sales
282547,Nahum,Codenie,Engineer,Development
282585,Zijian,Lammel,Staff,Customer Service
282894,Fay,Bellmore,Engineer,Development
284300,Ishfaq,Mahmud,Staff,Marketing
284431,Pintsang,Fujisawa,Senior Staff,Sales
284561,Duri,Beznosov,Senior Engineer,Quality Management
284687,Oksana,Redmiles,Engineer,Development
284691,Theron,Ressouche,Engineer,Development
284711,Martijn,Azevdeo,Senior Engineer,Development
284717,Gal,Ranta,Engineer,Development
284856,Moto,Kobara,Engineer,Quality Management
284954,Anneke,Hammerschmidt,Engineer,Quality Management
285164,Xiaocheng,Kumaresan,Staff,Sales
285396,Lena,Kohling,Engineer,Development
285905,Kellyn,Bage,Senior Staff,Research
285906,Arnould,Buescher,Engineer,Development
286026,Utpal,Zaumen,Staff,Sales
286029,Jaques,Nanard,Staff,Customer Service
286370,Toshimitsu,Seuren,Senior Staff,Human Resources
286452,Behnaam,Bierbaum,Engineer,Development
286573,Nahum,Nishimukai,Engineer,Production
286573,Nahum,Nishimukai,Engineer,Development
286779,Sigeru,Versino,Engineer,Production
286986,Woody,Trelles,Senior Engineer,Development
287323,Steve,Dengi,Staff,Sales
287327,Youjian,Felder,Staff,Human Resources
287334,Elliott,Speer,Engineer,Production
287482,Shigeaki,Gihr,Senior Engineer,Quality Management
287583,Jovan,Hockney,Engineer,Production
287609,Sailaja,Negoita,Senior Engineer,Development
287713,Aamod,Ranka,Senior Staff,Finance
287808,Vidar,Ozeki,Technique Leader,Development
287983,Randi,Munos,Senior Staff,Marketing
287984,Troy,Kobuchi,Engineer,Development
288028,Kauko,Narwekar,Senior Engineer,Development
288142,Shay,Heystek,Senior Staff,Sales
288166,Masoud,Asmuth,Staff,Human Resources
288560,Yifei,Birjandi,Senior Staff,Marketing
288563,Cristinel,Gerlach,Senior Engineer,Production
288606,Susumu,Swiss,Senior Staff,Sales
288665,Horward,Khasidashvili,Senior Engineer,Development
288893,Bedrich,Rosenbaum,Engineer,Development
289454,Bowen,Narwekar,Senior Engineer,Development
289687,Fai,Maccarone,Senior Staff,Research
289807,Soenke,Lemarechal,Senior Staff,Customer Service
289909,Hilari,Vecchio,Senior Staff,Sales
290009,Zijian,Rindone,Senior Staff,Human Resources
290075,Boalin,Byoun,Senior Staff,Human Resources
290284,Kwangjo,Menhardt,Engineer,Development
290441,Gregory,Collavizza,Senior Staff,Sales
290467,Shaowen,Poulakidas,Senior Staff,Research
290478,Tsvetan,Sherertz,Assistant Engineer,Quality Management
290563,Shigehiro,Oxenboll,Senior Engineer,Production
290769,Lalit,Blokdijk,Senior Engineer,Development
291352,Danai,Trelles,Technique Leader,Development
291352,Danai,Trelles,Technique Leader,Research
291612,Siamak,Gomatam,Engineer,Development
291669,Faiza,Bach,Engineer,Development
292110,Menkae,Showalter,Engineer,Development
292146,Khatoun,Pulkowski,Engineer,Development
292146,Khatoun,Pulkowski,Engineer,Quality Management
292210,Masaru,Huhdanpaa,Engineer,Development
292404,Hongzue,Zultner,Senior Staff,Research
292504,Georgi,Bednarek,Engineer,Quality Management
292515,Bernd,Thummel,Assistant Engineer,Development
292828,Ziya,Tokunaga,Engineer,Production
293080,Hideyuki,Slaats,Senior Staff,Human Resources
293154,Syozo,Maliniak,Senior Staff,Marketing
293154,Syozo,Maliniak,Senior Staff,Sales
293280,Moti,Steenbeek,Engineer,Development
293329,Fumiya,Griswold,Engineer,Development
293746,Sanjay,Litecky,Engineer,Development
293752,Jungsoon,Bail,Staff,Sales
294144,Takanari,Ermel,Staff,Sales
294241,Marl,Fiebach,Senior Staff,Finance
294446,Claudi,Ruemmler,Staff,Finance
294461,Siddarth,Rosiles,Senior Engineer,Development
294527,Ashish,Candan,Senior Staff,Marketing
294652,Hironobu,Brodie,Engineer,Development
294652,Hironobu,Brodie,Engineer,Research
294791,Vesna,Lammel,Assistant Engineer,Development
294857,Caolyn,Ozeri,Senior Engineer,Development
295030,Fun,Keirsey,Senior Staff,Customer Service
295236,Kauko,Fujisawa,Senior Engineer,Development
295254,Xuejun,Pfau,Staff,Human Resources
295255,Jacopo,Bellone,Technique Leader,Production
295262,Moon,Pews,Assistant Engineer,Production
295268,Eben,Calkin,Staff,Human Resources
295278,Val,Barvinok,Assistant Engineer,Development
295411,Chiranjit,Serot,Staff,Sales
295857,Kankanahalli,Ciolek,Staff,Human Resources
296062,Shaz,Driscoll,Staff,Research
296303,Mariangiola,Heyers,Technique Leader,Development
296428,Charmane,Simmen,Senior Staff,Sales
296664,Dipayan,Geffroy,Senior Engineer,Production
296687,Palash,Spieker,Senior Staff,Research
296718,Kamakshi,Bahl,Senior Engineer,Production
297232,Lokesh,Saoudi,Senior Staff,Sales
297431,Cathie,Ratnakar,Senior Staff,Marketing
297474,Irena,Terkki,Staff,Research
297905,Marc,Bahl,Assistant Engineer,Development
297954,Sailaja,Fujisaki,Assistant Engineer,Production
298339,King,Benzmuller,Engineer,Development
298577,Florina,Litecky,Staff,Finance
298953,Zita,Syang,Staff,Finance
299346,Fumitake,Sichman,Senior Staff,Human Resources
299580,Luisa,Itzfeldt,Engineer,Quality Management
299718,Denny,Shobatake,Staff,Research
299737,Patricio,Itzfeldt,Senior Staff,Sales
400046,Hilari,Christ,Senior Staff,Development
400046,Hilari,Christ,Senior Staff,Research
400358,Angus,Jullig,Engineer,Development
400683,Kamakshi,Manders,Staff,Sales
400780,Poornachandra,Asser,Engineer,Development
400796,Bodo,Halevi,Engineer,Development
401154,Danae,Kragelund,Senior Staff,Human Resources
401278,Oguz,Schurmann,Assistant Engineer,Production
401333,Martins,Shokrollahi,Engineer,Production
401420,Florian,Uhrig,Senior Staff,Customer Service
401574,Yannik,Falco,Technique Leader,Production
402025,Shigehito,Duclos,Engineer,Quality Management
402102,Kersti,Granlund,Engineer,Development
402664,Subhada,Janetzko,Senior Engineer,Production
402718,Jeanna,Rettelbach,Senior Engineer,Development
402827,Weidon,Pollacia,Staff,Finance
402827,Weidon,Pollacia,Staff,Human Resources
403010,Toshimitsu,Sluis,Senior Engineer,Development
403621,Deborah,Kaminger,Senior Staff,Marketing
403644,Krisda,Hainaut,Staff,Human Resources
403954,Jeanna,Bratten,Senior Engineer,Development
404018,Valery,Babb,Senior Engineer,Development
404236,Zengping,Kakkar,Engineer,Development
404462,Anestis,Setlzner,Engineer,Development
404573,Eberhardt,Spelt,Staff,Human Resources
404755,Manu,Junet,Senior Staff,Marketing
404788,Basem,Beausoleil,Engineer,Development
405015,Morris,Fargier,Senior Staff,Sales
405063,Yechezkel,Yurov,Senior Engineer,Production
405063,Yechezkel,Yurov,Senior Engineer,Quality Management
406125,Georgi,Portugali,Technique Leader,Production
406239,Marek,Tomescu,Engineer,Development
406564,Parviz,Picco,Engineer,Development
406714,Malu,Ossenbruggen,Staff,Research
406847,Alexius,Crouzet,Staff,Sales
407522,Tommaso,Raczkowsky,Staff,Finance
407837,Fei,Erez,Engineer,Production
407837,Fei,Erez,Engineer,Quality Management
408019,Shridhar,Chleq,Engineer,Production
408114,Geoffrey,Ladret,Engineer,Development
408163,Irene,Sethi,Senior Engineer,Development
408163,Irene,Sethi,Senior Engineer,Quality Management
408417,Tsz,Daescu,Staff,Finance
408417,Tsz,Daescu,Staff,Sales
408437,Uno,Solares,Senior Staff,Customer Service
408447,Mayuri,Werthner,Staff,Marketing
408447,Mayuri,Werthner,Staff,Sales
408654,Yongqiao,Cochrane,Staff,Customer Service
408953,Jolita,Claffy,Senior Engineer,Development
409391,Willard,Verspoor,Engineer,Production
409798,Dekang,Tsunoo,Technique Leader,Production
409805,Frazer,Candan,Senior Engineer,Quality Management
409898,Divier,Ishibashi,Engineer,Development
410028,Xiadong,McClurg,Senior Staff,Human Resources
410372,Duri,Mitina,Engineer,Development
410433,Kazuhisa,Riesenhuber,Senior Engineer,Production
410616,Gudjon,Kalorkoti,Engineer,Development
410804,Ronnie,Denos,Engineer,Production
410881,Koichi,Grabner,Senior Engineer,Production
410881,Koichi,Grabner,Senior Engineer,Quality Management
411070,Otmar,Brandsma,Engineer,Development
411082,Martine,Cangellaris,Engineer,Production
411143,Goncalo,Barbanera,Senior Staff,Marketing
412404,Mitsuyuki,Jeansoulin,Senior Engineer,Production
412757,Leen,Peak,Engineer,Development
413098,Hsiangchu,Taubenfeld,Senior Staff,Research
413205,Mototsugu,Prampolini,Senior Staff,Sales
413666,Remco,Duclos,Staff,Finance
413729,Harjit,Ernst,Technique Leader,Development
413831,Mohamadou,Grabner,Senior Staff,Customer Service
413832,Marco,Jahnichen,Senior Staff,Human Resources
414027,Tadanori,Msuda,Engineer,Production
414027,Tadanori,Msuda,Engineer,Customer Service
414091,Wuxu,Kuhnemann,Engineer,Development
414543,Bernd,Anick,Senior Engineer,Production
414551,Elliott,Copas,Engineer,Development
414662,Ipke,Schneeberger,Engineer,Development
414714,Chinho,Delgrande,Senior Staff,Research
414814,Dayanand,Wielonsky,Staff,Development
414814,Dayanand,Wielonsky,Staff,Customer Service
414897,Juyoung,Willoner,Staff,Sales
415187,Juyoung,Peltason,Assistant Engineer,Production
415338,Shigeo,Emmart,Assistant Engineer,Production
415363,Conal,Shackell,Senior Staff,Marketing
415363,Conal,Shackell,Senior Staff,Sales
415563,Mrinalini,Bierbaum,Engineer,Development
416074,Alain,Lieberherr,Engineer,Development
416383,Nectarios,Itschner,Engineer,Development
416420,Adamantios,Heemskerk,Senior Staff,Sales
416492,Kannan,Meriste,Senior Engineer,Development
416660,Nathalie,Luke,Assistant Engineer,Development
416720,Tokuyasu,Xiaoshan,Engineer,Production
416877,Gio,Orsini,Senior Staff,Marketing
416892,Shooichi,Vandervoorde,Engineer,Production
417435,Bouchung,Zaumen,Senior Staff,Sales
418239,Josyula,Motley,Senior Engineer,Production
418239,Josyula,Motley,Senior Engineer,Development
418247,Oscar,Oppitz,Senior Staff,Marketing
418247,Oscar,Oppitz,Senior Staff,Sales
418298,Arvin,Pusterhofer,Engineer,Production
418309,Danel,Petereit,Engineer,Production
418380,Kazuhiko,Gornas,Senior Engineer,Production
418566,Kazuhide,Snedden,Senior Engineer,Production
418606,Michaela,Otillio,Engineer,Production
418717,Arunachalam,Magliocco,Staff,Sales
418860,Ymte,Dalton,Senior Staff,Marketing
419099,Heon,Broomell,Staff,Sales
419953,Ung,Orlowski,Senior Staff,Marketing
420086,Susuma,Kitsuregawa,Engineer,Development
420476,Mariangiola,Bolsens,Senior Staff,Customer Service
420557,Mabhin,Eastman,Senior Staff,Sales
420694,Frazer,Barbanera,Senior Staff,Research
420732,Willard,Morrin,Staff,Marketing
420759,Raimond,Solovay,Staff,Sales
420765,Shawna,Krider,Senior Staff,Sales
420877,Khosrow,Erez,Senior Staff,Finance
421022,Shigeaki,Butner,Senior Staff,Sales
421033,Garnik,Randt,Staff,Sales
421074,Zhaofang,Falster,Staff,Sales
421312,Mariangiola,Bashian,Engineer,Development
421384,Renny,Bednarek,Senior Staff,Human Resources
421755,Shichao,Thiria,Assistant Engineer,Production
422146,Kenton,Miara,Engineer,Development
422146,Kenton,Miara,Engineer,Research
422783,Jagoda,Uhrig,Engineer,Production
423038,Takushi,Strehl,Senior Staff,Sales
423204,Uma,Stranks,Staff,Sales
423208,Joydip,Krone,Engineer,Development
423214,Tsutomu,Tetzlaff,Senior Staff,Finance
423327,Constantijn,Lichtman,Senior Staff,Sales
423350,Heping,Monarch,Senior Staff,Sales
423633,Mariusz,Tokunaga,Senior Engineer,Development
423993,Seshu,Kolvik,Technique Leader,Development
424569,Danco,Luff,Engineer,Development
424584,Kagan,Dredge,Engineer,Development
424685,Changho,Veevers,Senior Staff,Finance
424797,Theron,Itschner,Senior Staff,Sales
424805,Jacqueline,Zallocco,Senior Staff,Sales
424930,Xuejun,Reeker,Senior Staff,Human Resources
424984,Vasilis,Waleschkowski,Engineer,Development
425437,Moni,Staudhammer,Engineer,Development
425535,Alagu,Vieri,Senior Staff,Marketing
425540,Paddy,Zumaque,Senior Staff,Finance
425757,Yongdong,Jiang,Senior Staff,Production
425757,Yongdong,Jiang,Senior Staff,Customer Service
425780,Paris,Range,Senior Staff,Sales
425830,Guther,Conia,Engineer,Development
425875,Jahangir,Kroft,Senior Staff,Sales
426153,Shahaf,Luce,Senior Staff,Sales
426168,Kaijung,Mateescu,Staff,Finance
426228,Supot,Badache,Engineer,Development
426235,Danco,Rajala,Staff,Human Resources
426644,Zejun,Broomell,Senior Engineer,Production
426706,Karsten,Kawashima,Senior Engineer,Production
426795,Huican,Lunn,Senior Staff,Customer Service
426818,Gaurav,Fendler,Senior Staff,Customer Service
426819,Sandeepan,Kulisch,Engineer,Production
426824,Gopalakrishnan,Mawatari,Senior Staff,Sales
426824,Gopalakrishnan,Mawatari,Senior Staff,Customer Service
426958,Weijing,Viele,Engineer,Production
427313,Utpal,Kemmerer,Senior Staff,Research
427320,Mamdouh,Ramamoorthy,Senior Engineer,Development
427332,Feiyu,Hemaspaandra,Staff,Customer Service
427571,Torsten,Ranta,Engineer,Development
427571,Torsten,Ranta,Engineer,Research
427776,Jaques,Navazio,Staff,Finance
427805,Haldun,Compeau,Senior Staff,Finance
427823,Jaques,Gecsei,Staff,Customer Service
427852,Adil,Kieras,Senior Engineer,Production
428082,Ronghao,Alpin,Staff,Human Resources
428160,Jamaludin,Kalorkoti,Senior Staff,Marketing
428160,Jamaludin,Kalorkoti,Senior Staff,Human Resources
428195,Hatsukazu,Rosca,Senior Staff,Finance
428195,Hatsukazu,Rosca,Senior Staff,Human Resources
428219,Ghassan,Androutsos,Staff,Sales
428917,Theron,Billawala,Engineer,Development
429087,Hugh,Senzako,Technique Leader,Quality Management
429231,Kazuyasu,Schmiedel,Senior Staff,Sales
429238,Mona,Luck,Senior Staff,Sales
429249,Alassane,Wolniewicz,Senior Engineer,Development
429249,Alassane,Wolniewicz,Senior Engineer,Research
429316,Seshu,Hiraishi,Senior Staff,Finance
429381,Limsoon,Roohalamini,Senior Staff,Sales
429481,Subhada,Emmerich,Engineer,Development
429520,Yongqiao,Francisci,Engineer,Quality Management
429532,Bartek,Vendrig,Senior Staff,Sales
429532,Bartek,Vendrig,Senior Staff,Customer Service
429569,Fumiya,Chappelet,Assistant Engineer,Development
429703,Ung,Honglei,Senior Staff,Human Resources
429899,Ranan,Marsiglia,Staff,Marketing
429954,Renny,Gladwell,Staff,Sales
430054,Erzsebet,Setiz,Engineer,Development
430558,Xiong,Roisin,Senior Engineer,Quality Management
430593,Janalee,Lanzelotte,Senior Staff,Customer Service
430631,Kersti,Marsiglia,Engineer,Development
430891,Khalil,Gien,Senior Engineer,Production
431576,Masamitsu,Back,Senior Staff,Finance
431576,Masamitsu,Back,Senior Staff,Human Resources
431657,Visit,Thiran,Senior Engineer,Development
431882,Hideo,Varman,Engineer,Development
431887,Poorav,Ranst,Senior Engineer,Development
432031,Adamantios,Matzat,Staff,Sales
432034,Arfst,Uehara,Senior Staff,Marketing
432034,Arfst,Uehara,Senior Staff,Human Resources
432121,Alair,Straney,Staff,Customer Service
432257,Kwangjo,Hiltgen,Engineer,Production
432261,Arve,Bergere,Engineer,Development
432399,Nitsan,Nollmann,Senior Engineer,Production
432399,Nitsan,Nollmann,Senior Engineer,Customer Service
432523,Takahiro,Maquelin,Engineer,Development
432665,Flemming,Driscoll,Senior Engineer,Development
432665,Flemming,Driscoll,Senior Engineer,Quality Management
432787,Toshiko,Ibel,Senior Engineer,Development
432956,Qunsheng,Birrer,Senior Staff,Marketing
433059,Bojan,Montresor,Staff,Sales
433157,Tomofumi,Serna,Staff,Sales
433260,Make,Olivero,Assistant Engineer,Quality Management
433438,Keiichiro,Miyakawa,Senior Staff,Research
434845,Takushi,Skogmar,Senior Staff,Sales
434936,Sahrah,Rosis,Engineer,Development
435042,Brigham,Borstler,Staff,Sales
435060,Moie,Lieblein,Staff,Sales
435181,Kazuhide,Fiutem,Senior Staff,Marketing
435289,Feixiong,Schurmann,Senior Staff,Marketing
435305,Berthier,Pramanik,Staff,Sales
435370,Conal,Basart,Senior Staff,Sales
435588,Genta,Pepe,Senior Staff,Human Resources
435602,Dietrich,Kranzdorf,Senior Staff,Sales
435774,Olivera,Bharadwaj,Senior Staff,Sales
435791,Hercules,Speer,Engineer,Quality Management
436558,Subir,Greibach,Senior Engineer,Development
436797,Ohad,Henders,Staff,Finance
436827,Wojceich,Limongiello,Senior Staff,Human Resources
436915,Feixiong,Haraldson,Staff,Research
437276,Dines,DeMori,Senior Staff,Finance
437369,Kazuhide,Biran,Senior Staff,Sales
437395,Sumant,Thambidurai,Senior Staff,Marketing
437395,Sumant,Thambidurai,Senior Staff,Sales
437724,Erez,Luft,Staff,Human Resources
437870,Kerhong,Lorho,Staff,Development
437870,Kerhong,Lorho,Staff,Customer Service
438038,Lena,Giaccio,Senior Staff,Marketing
438038,Lena,Giaccio,Senior Staff,Sales
438264,Rasikan,Barreiro,Staff,Customer Service
438557,Lidong,Swist,Engineer,Development
439377,Mari,Plessier,Senior Engineer,Development
439905,Kousuke,Levasseur,Staff,Customer Service
439924,Gunilla,Kisuki,Senior Staff,Finance
440325,Douadi,Sullins,Senior Staff,Sales
440435,Sandeepan,Rosti,Senior Engineer,Development
440450,Tzvetan,Scharstein,Senior Staff,Human Resources
440642,Snehasis,Kalsbeek,Senior Staff,Sales
440870,Filipp,Hasham,Senior Staff,Marketing
440870,Filipp,Hasham,Senior Staff,Customer Service
440937,Fabrizio,Usery,Senior Staff,Research
441197,Miquel,Legleitner,Senior Staff,Sales
441536,Chinho,Collette,Senior Engineer,Production
441536,Chinho,Collette,Senior Engineer,Quality Management
441954,Leszek,Marchegay,Engineer,Production
441965,Claudi,Heijenga,Staff,Research
442002,Ravishankar,Baig,Staff,Sales
442096,Martijn,DiGiano,Senior Engineer,Production
442312,Zengping,Cusworth,Senior Engineer,Production
442490,Navid,Luke,Engineer,Production
442653,Mona,Hebden,Engineer,Development
442700,Siddarth,Masada,Staff,Research
442898,Aksel,Gire,Engineer,Production
443108,Christfried,Atrawala,Senior Staff,Finance
443108,Christfried,Atrawala,Senior Staff,Human Resources
443485,Marke,Klerer,Senior Staff,Research
443841,Shaw,Kading,Senior Staff,Sales
443873,Vatsa,Ramsay,Staff,Marketing
443873,Vatsa,Ramsay,Staff,Sales
444070,Heping,Skrikant,Staff,Customer Service
444099,Kousuke,Worfolk,Senior Staff,Sales
444208,Irena,Cesareni,Senior Staff,Sales
444465,Prasadram,Bultermann,Senior Engineer,Production
444465,Prasadram,Bultermann,Senior Engineer,Development
444487,Udi,Rullman,Senior Engineer,Development
444643,Berna,Schonegge,Staff,Research
445067,Eldridge,Kawashima,Senior Engineer,Quality Management
445152,Heping,Peac,Staff,Research
445226,Oscar,Baumann,Senior Engineer,Production
445570,Van,Nations,Technique Leader,Development
445723,Gaurav,Roison,Senior Staff,Production
445723,Gaurav,Roison,Senior Staff,Research
445941,Masako,Dechter,Technique Leader,Production
445950,Ebru,Valtorta,Senior Engineer,Quality Management
446121,Fay,Cochrane,Staff,Sales
446306,Hercules,Kabayashi,Senior Engineer,Production
446424,DAIDA,Nooteboom,Senior Engineer,Development
446897,Takahiro,Dalton,Technique Leader,Production
446959,Aram,Passino,Senior Engineer,Development
447018,Dannz,Miara,Engineer,Production
447135,Gennady,Rouquie,Senior Staff,Human Resources
447232,Aleksander,Schaaf,Senior Staff,Sales
447232,Aleksander,Schaaf,Senior Staff,Customer Service
447376,Kirk,Zongker,Staff,Research
447544,Stabislas,Kakkad,Senior Staff,Sales
447613,Paris,Restivo,Senior Engineer,Development
447877,Make,Heuser,Engineer,Quality Management
447931,Martijn,Jeong,Senior Staff,Sales
447966,Kamakshi,Hebert,Engineer,Production
447982,Shiv,Baezner,Engineer,Production
447999,Shiv,Vilarrasa,Engineer,Development
448769,Mong,Dichev,Technique Leader,Production
448900,Mart,Talmor,Staff,Sales
448918,Chiradeep,Arlazarov,Engineer,Production
448994,Haldun,Syang,Staff,Finance
449189,Jahangir,Bernatsky,Senior Staff,Sales
449815,Fumitaka,Quittner,Staff,Research
449984,Hinrich,Perin,Engineer,Development
450184,Selwyn,Henseler,Senior Engineer,Development
450255,Udo,Waymire,Technique Leader,Development
450309,Gill,Orlowska,Technique Leader,Quality Management
450475,Saeed,Bahl,Senior Staff,Finance
450817,DAIDA,Frolund,Engineer,Quality Management
450888,Sedat,Rande,Staff,Sales
450934,Chanjung,Raoux,Senior Engineer,Production
450936,Yuriy,Ponthieu,Staff,Finance
451253,Jaihie,Ozeri,Staff,Sales
451272,Jacopo,Krohm,Senior Engineer,Development
451275,Bedrich,Isard,Senior Staff,Research
451333,Radhika,Bonifati,Senior Staff,Human Resources
452137,Subir,Miake,Engineer,Production
452137,Subir,Miake,Engineer,Customer Service
452206,Arra,Esposito,Staff,Sales
452325,Taiji,Berstel,Engineer,Development
452347,Shigeichiro,Brattka,Senior Staff,Sales
452365,Fei,Gadepally,Engineer,Development
452956,Gou,Thombley,Senior Engineer,Production
452956,Gou,Thombley,Senior Engineer,Customer Service
452957,Alair,Nanard,Staff,Sales
452982,Lobel,Aloia,Senior Staff,Marketing
453070,Aran,Rosenbaum,Staff,Human Resources
453154,Gao,Lally,Staff,Customer Service
453644,Berni,Takkinen,Senior Staff,Marketing
453688,Chinya,Leslie,Engineer,Quality Management
453723,Arne,Kohling,Engineer,Production
453760,Ewing,Rajala,Senior Staff,Customer Service
453790,Fai,Keirsey,Engineer,Development
453913,Stein,Perng,Senior Staff,Marketing
454338,Mohammed,Georg,Engineer,Quality Management
454378,Gina,Ossenbruggen,Technique Leader,Production
454736,Nechama,Ermel,Engineer,Development
454791,Xiaoqiu,Pietracaprina,Senior Engineer,Production
454825,Kamakshi,Schusler,Engineer,Production
454994,Mohan,Picht,Engineer,Production
455175,Soenke,Zaumen,Staff,Marketing
455284,Luisa,Baig,Senior Engineer,Quality Management
455726,Qiwen,Kriebel,Staff,Sales
455814,Giao,DuCasse,Engineer,Production
455914,Peer,Angelopoulos,Engineer,Development
456767,Tetsurou,Schreiter,Senior Staff,Sales
456982,Shounak,Dratva,Senior Engineer,Development
457070,Gay,Plavsic,Senior Staff,Human Resources
457146,Jinpo,Heyers,Staff,Research
457305,Sorina,Lakshmanan,Staff,Sales
457337,Xumin,Beidas,Technique Leader,Quality Management
457411,Xudong,Peck,Senior Engineer,Development
457489,Berna,Ranst,Senior Engineer,Production
457611,Indrajit,Krogh,Engineer,Development
457776,Florian,Siepmann,Senior Engineer,Production
457813,Foong,Gargeya,Engineer,Production
457832,Jackson,Zielinski,Senior Engineer,Development
457938,Arch,Picco,Senior Staff,Marketing
457938,Arch,Picco,Senior Staff,Customer Service
458111,Florian,Tramer,Engineer,Production
458134,Thanasis,Standera,Staff,Human Resources
458191,George,Atchley,Staff,Research
458383,Mabhin,Foote,Engineer,Development
458726,Shahaf,Kitai,Senior Staff,Customer Service
458790,Ramya,Azadmanesh,Senior Engineer,Production
459172,Val,Rissanen,Assistant Engineer,Development
459356,Pramod,Wendorf,Engineer,Development
459429,Mohit,Verhaegen,Senior Staff,Sales
459685,Hirochika,Goldhammer,Engineer,Quality Management
460131,Adly,Hambrick,Staff,Sales
460691,Munehiko,Gihr,Senior Staff,Human Resources
460707,Yoshinari,Lanteri,Engineer,Development
460920,Remzi,Mitzlaff,Senior Staff,Sales
461120,Shietung,Gelosh,Engineer,Development
461120,Shietung,Gelosh,Engineer,Research
461270,Mrinalini,Mawatari,Staff,Sales
461801,Sumali,Cooman,Senior Staff,Sales
461801,Sumali,Cooman,Senior Staff,Customer Service
462493,Paloma,Gerlach,Engineer,Quality Management
462795,Somnath,Cummings,Senior Staff,Research
463023,Itzchak,Penn,Staff,Marketing
463099,Jinxi,Schmiedel,Senior Staff,Finance
463212,Ramya,Rossi,Senior Engineer,Production
463212,Ramya,Rossi,Senior Engineer,Quality Management
463472,Jaber,Sethi,Technique Leader,Production
463472,Jaber,Sethi,Technique Leader,Customer Service
463495,Alenka,Barriga,Senior Staff,Human Resources
464284,Huiqun,Henders,Senior Staff,Sales
464303,Abdelghani,Nyrup,Senior Staff,Customer Service
465062,Stafford,Gist,Senior Engineer,Production
465076,Tokuyasu,Ghelli,Engineer,Production
465085,Vidar,Gunderson,Senior Staff,Customer Service
465409,Shahid,Varman,Senior Staff,Marketing
465501,Mrinalini,Gire,Senior Staff,Human Resources
465711,Lakshmi,Frijda,Senior Engineer,Development
465853,Kwan,Kampfer,Staff,Human Resources
465874,Herb,Picht,Assistant Engineer,Production
466064,Temple,Danlos,Senior Staff,Sales
466367,Hiroyasu,Strandh,Senior Staff,Customer Service
466509,Bezalel,Verhoeff,Engineer,Development
466603,Yechezkel,Nourani,Senior Staff,Marketing
466745,Boalin,Birsak,Senior Staff,Human Resources
467176,Przemyslawa,Borovoy,Senior Staff,Human Resources
467269,Nahum,Lambe,Technique Leader,Development
467392,Mariusz,Rikino,Senior Engineer,Production
467441,Margareta,Bondorf,Engineer,Production
467591,Kiyotoshi,Hennebert,Staff,Marketing
467591,Kiyotoshi,Hennebert,Staff,Human Resources
467886,Sivanarayana,Chandrasekhar,Senior Staff,Marketing
467918,Tsuneo,Skrikant,Staff,Customer Service
468360,Huei,Saoudi,Technique Leader,Development
468417,Kamakshi,Huhdanpaa,Senior Engineer,Production
468659,Ranga,Lemarechal,Senior Engineer,Development
468773,Baziley,Brookner,Senior Engineer,Quality Management
469104,Nadjib,Comellas,Engineer,Production
469104,Nadjib,Comellas,Engineer,Quality Management
469253,Baruch,Basawa,Senior Engineer,Development
469269,Weiyi,Codenie,Senior Engineer,Production
469366,Aiman,Wilfing,Senior Engineer,Quality Management
469399,Hongzhu,Ruemmler,Engineer,Production
469399,Hongzhu,Ruemmler,Engineer,Development
469527,Halsur,Ibel,Staff,Research
469529,Neven,Rikino,Engineer,Quality Management
469735,Arif,Stranks,Senior Engineer,Development
469867,Hein,Jonsson,Senior Staff,Research
470456,Reuven,Oehlmann,Staff,Sales
470472,Zhiguo,Staudhammer,Engineer,Development
471397,Nigel,Zirintsis,Engineer,Development
471397,Nigel,Zirintsis,Engineer,Research
471532,Feiyu,Decleir,Technique Leader,Development
471552,Basem,Lortz,Staff,Finance
471911,Arun,Zaccaria,Assistant Engineer,Quality Management
471939,Kazuhiko,Marshall,Staff,Production
471939,Kazuhiko,Marshall,Staff,Research
472052,Godehard,Chinal,Assistant Engineer,Development
472143,Yahiko,Sommen,Senior Staff,Sales
472238,Jungsoon,Gubsky,Senior Engineer,Production
472790,Zhenbing,Ibel,Senior Engineer,Development
472950,Weidon,Fordan,Senior Engineer,Production
473268,Hugo,Sgarro,Senior Staff,Sales
473299,Khaled,Penn,Senior Staff,Sales
473490,Pantung,Reeker,Senior Staff,Research
473940,Avishai,Majewski,Engineer,Production
474331,Sugwoo,Eugenio,Senior Staff,Finance
474331,Sugwoo,Eugenio,Senior Staff,Human Resources
474763,Mayuko,Clouatre,Engineer,Development
474796,Zongyan,Shackel,Technique Leader,Production
474796,Zongyan,Shackel,Technique Leader,Customer Service
475087,Genevieve,Snedden,Senior Engineer,Production
475258,Fumiyo,Feinberg,Senior Staff,Production
475258,Fumiyo,Feinberg,Senior Staff,Customer Service
475538,Christophe,Leaver,Staff,Human Resources
475938,Shigeaki,Lanteri,Senior Engineer,Development
475965,Rimon,Pietracaprina,Senior Engineer,Development
476055,Girolamo,Schlumberger,Senior Staff,Research
476122,Khun,Spieker,Engineer,Production
476327,Reinhold,Binkley,Engineer,Production
476361,Doohun,Preusig,Technique Leader,Development
476361,Doohun,Preusig,Technique Leader,Research
477350,Terresa,Vigier,Staff,Sales
477578,Marit,Paludetto,Senior Engineer,Development
477969,Bluma,Mundy,Senior Engineer,Development
478007,Fumino,Narahara,Senior Engineer,Production
478170,Doowon,Schoegge,Assistant Engineer,Development
478170,Doowon,Schoegge,Assistant Engineer,Quality Management
478218,Djenana,Erol,Engineer,Development
478218,Djenana,Erol,Engineer,Research
478439,Yuichiro,Bale,Technique Leader,Development
478768,Arun,Katzenelson,Senior Engineer,Production
478799,Shaw,Borovoy,Senior Staff,Marketing
478833,Pradeep,Valiente,Senior Engineer,Production
478858,Hidekazu,Perna,Staff,Customer Service
479024,Ewing,Kalorkoti,Engineer,Production
479407,Randi,Tomescu,Senior Engineer,Production
479601,Kayoko,Bahi,Staff,Research
479695,Masamitsu,Murrill,Staff,Marketing
479695,Masamitsu,Murrill,Staff,Human Resources
480035,Sukumar,Georg,Staff,Development
480035,Sukumar,Georg,Staff,Research
480066,Suebskul,Menhardt,Senior Engineer,Quality Management
480178,Uinam,Rahier,Staff,Research
480268,Gaurav,Cheshire,Technique Leader,Development
480407,Deniz,Bennis,Engineer,Development
481050,Weiru,Burnard,Staff,Human Resources
481213,Shigehiro,Haldar,Senior Staff,Sales
481397,Luisa,Chelton,Assistant Engineer,Production
481764,Teiji,Marrakchi,Senior Engineer,Production
481790,Haldun,Erie,Senior Engineer,Development
481790,Haldun,Erie,Senior Engineer,Research
482335,Kwangyoen,Peck,Engineer,Development
482354,Jayson,Zockler,Staff,Research
482755,Jouni,Conia,Staff,Marketing
482885,Shaunak,Brizzi,Senior Engineer,Production
482905,Aral,Hebden,Senior Staff,Finance
482944,Duke,Journel,Senior Staff,Sales
483401,Rosita,Pokrovskii,Senior Staff,Sales
483675,Hausi,Kamber,Engineer,Production
483825,Marek,Mitchem,Senior Engineer,Production
483838,Sham,Kavanagh,Assistant Engineer,Production
483978,Dung,Tanemo,Staff,Sales
484126,Manton,Lueh,Senior Staff,Human Resources
484142,Perry,Cooman,Staff,Human Resources
484498,Herbert,Hammerschmidt,Engineer,Production
484756,Phule,Ruemmler,Engineer,Development
485253,Gladys,Parhami,Senior Staff,Customer Service
485489,Keiichiro,Armand,Senior Engineer,Development
485577,Rafael,Menhoudj,Senior Engineer,Development
485579,Munehiro,Iwayama,Senior Engineer,Development
485799,Yoshimitsu,Litvinov,Senior Staff,Research
485817,Mahmut,Bolotov,Engineer,Production
485817,Mahmut,Bolotov,Engineer,Development
486068,Yefim,Bernardeschi,Senior Staff,Human Resources
486808,Geoffrey,Siochi,Senior Engineer,Quality Management
486918,Yagil,Remmers,Senior Staff,Sales
486956,Matt,Ruemmler,Engineer,Production
486958,Tonny,Kropf,Engineer,Development
487008,Zhigen,Raney,Senior Staff,Sales
487505,Uno,Jayawardene,Staff,Research
487988,Ekawit,Schaft,Senior Staff,Human Resources
488095,Francoise,Hegner,Senior Staff,Customer Service
488142,Denis,Narlikar,Staff,Sales
488482,Kensyu,Tsunoo,Engineer,Development
488540,Breannda,Maquelin,Senior Staff,Finance
488619,Georgy,Bennis,Engineer,Production
488693,Jiong,Zultner,Senior Engineer,Development
488707,Mihalis,Remmers,Staff,Sales
488752,Nimmagadda,Baja,Staff,Marketing
488788,Wuxu,Garigliano,Senior Staff,Customer Service
488984,Kendra,Junet,Senior Staff,Finance
488984,Kendra,Junet,Senior Staff,Sales
489755,Matk,Chorvat,Senior Staff,Finance
489755,Matk,Chorvat,Senior Staff,Human Resources
489756,Kersti,Miculan,Senior Staff,Finance
489928,Satoru,Janetzko,Assistant Engineer,Development
490551,Lalit,Lindqvist,Engineer,Development
490557,Luise,Vigier,Senior Engineer,Production
490568,Zita,Reistad,Senior Engineer,Development
490720,Younwoo,Samarati,Senior Engineer,Production
490720,Younwoo,Samarati,Senior Engineer,Quality Management
491079,Kwangsub,Keirsey,Senior Engineer,Development
491162,Panayotis,Hempstead,Senior Engineer,Development
491478,Gill,Varman,Staff,Sales
491596,Charmane,Pargas,Engineer,Production
491596,Charmane,Pargas,Engineer,Quality Management
491632,Gadiel,Perly,Senior Staff,Customer Service
492000,Valeska,Cools,Staff,Human Resources
492052,Udo,Ratnakar,Staff,Customer Service
492217,Heekeun,Verhaegen,Senior Engineer,Development
492639,Sanjoy,Porenta,Engineer,Development
492677,Goetz,McAffer,Engineer,Production
493031,Hironoby,Jakobus,Staff,Customer Service
493048,Muzhong,Berztiss,Senior Staff,Sales
493096,Sachem,Msuda,Engineer,Development
493744,Leni,Kropatsch,Senior Engineer,Production
494019,Morrie,Iisaku,Senior Staff,Marketing
494088,Phule,Dahlbom,Engineer,Production
494493,Masasuke,Koprowski,Staff,Marketing
494995,Yongmao,Pouyioutas,Senior Staff,Sales
496100,Pranjal,Reinhard,Staff,Customer Service
496970,Giordano,Maquelin,Senior Engineer,Production
496978,Danco,Debuse,Senior Staff,Marketing
497007,Oldrich,Adachi,Engineer,Production
497007,Oldrich,Adachi,Engineer,Customer Service
497174,Sanjiv,Bressoud,Engineer,Development
497340,Fayez,Keohane,Senior Staff,Marketing
497391,Paris,Lieblein,Engineer,Quality Management
497835,Shuho,Laurillard,Technique Leader,Production
498185,Caolyn,Marciano,Senior Engineer,Development
498337,Naraig,Docker,Staff,Sales
498456,Geraldo,Gerteisen,Staff,Customer Service
498635,Florian,Pezzoli,Staff,Sales
498838,Sanjay,Ciolek,Senior Staff,Research
498845,Arumugam,Pelc,Senior Engineer,Development
498955,Nechama,Kandlur,Engineer,Production
499194,Padma,Delgrange,Senior Staff,Marketing
499194,Padma,Delgrange,Senior Staff,Customer Service
499260,Danae,Honglei,Engineer,Production
499495,Baoqiu,Kakkar,Engineer,Development
